id;titulo;genero;descripcion;calificacion;estreno;imagen;url
1;Madera;USB;Murcia;57224;2022-06-03T02:15:13;Corporativo;https://ramona.com.es
2;Kwacha;24 FTP Granito;Madera connecting parsing;79660;2022-06-02T22:17:01;multi-byte Sopa;http://emilia.es
3;deposit Salchichas;Entrada Producto;best-of-breed;63787;2022-06-02T08:28:18;Pelota fritas;http://sara.es
4;Zapatos Salchichas Cine;AGP;Distribuido Teclado virtual;7793;2022-06-03T03:46:22;La Queso;http://rebeca.com
5;grupo;users;Violeta Berkshire Cambridgeshire;37855;2022-06-02T09:15:35;Desarrollador Barbados;https://pablo.info
6;Baleares Marroquinería;Gourde Acero Zimbabwe;Mesa;32041;2022-06-03T05:02:01;rich protocol Toallas;http://lorenzo.org
7;Plástico Hogar coherente;Bulgaria;política XSS Gris;81144;2022-06-02T20:43:14;compress bus;https://mariana.com
8;Lugar Castilla;connecting embrace Metal;copy expedite solid;44449;2022-06-02T07:26:34;Loan León deposit;https://clemente.com
9;a quantifying;Account;Cara;87628;2022-06-02T08:21:02;seamless Calidad;http://lourdes.com
10;Canarias Dirham portals;Avon haptic technologies;Parafarmacia;58947;2022-06-03T04:26:21;homogénea Pizza transmit;http://vicente.org
